hotel_id,price,stock,city,date,language,mobile,avatar_id,order_requests
693,225,179,vienna,36,bulgarian,1,78529,7
924,130,86,vienna,36,bulgarian,1,78529,7
87,154,132,vienna,36,bulgarian,1,78529,7
70,158,120,vienna,36,bulgarian,1,78529,7
875,103,32,vienna,36,bulgarian,1,78529,7
996,94,72,vienna,36,bulgarian,1,78529,7
920,97,68,vienna,36,bulgarian,1,78529,7
919,71,34,vienna,36,bulgarian,1,78529,7
784,105,63,vienna,36,bulgarian,1,78529,7
268,100,69,vienna,36,bulgarian,1,78529,7
343,73,38,vienna,36,bulgarian,1,78529,7
848,158,132,vienna,36,bulgarian,1,78529,7
116,95,34,vienna,36,bulgarian,1,78529,7
940,138,77,vienna,36,bulgarian,1,78529,7
801,165,116,vienna,36,bulgarian,1,78529,7
626,99,68,vienna,36,bulgarian,1,78529,7
549,96,36,vienna,36,bulgarian,1,78529,7
226,97,68,vienna,36,bulgarian,1,78529,7
57,145,88,vienna,36,bulgarian,1,78529,7
810,96,72,vienna,36,bulgarian,1,78529,7
438,101,32,vienna,36,bulgarian,1,78529,7
168,231,168,vienna,36,bulgarian,1,78529,7
98,136,90,vienna,36,bulgarian,1,78529,7
179,106,70,vienna,36,bulgarian,1,78529,7
524,166,120,vienna,36,bulgarian,1,78529,7
403,244,157,vienna,36,bulgarian,1,78529,7
839,159,119,vienna,36,bulgarian,1,78529,7
171,66,62,vienna,36,bulgarian,1,78529,7
250,222,167,vienna,36,bulgarian,1,78529,7
511,147,128,vienna,36,bulgarian,1,78529,7
195,133,36,vienna,36,bulgarian,1,78529,7
635,93,72,vienna,36,bulgarian,1,78529,7
456,128,84,vienna,36,bulgarian,1,78529,7
979,133,88,vienna,36,bulgarian,1,78529,7
977,106,62,vienna,36,bulgarian,1,78529,7
704,101,33,vienna,36,bulgarian,1,78529,7
11,155,127,vienna,36,bulgarian,1,78529,7
128,165,115,vienna,36,bulgarian,1,78529,7
730,159,128,vienna,36,bulgarian,1,78529,7
354,88,37,vienna,36,bulgarian,1,78529,7
236,77,30,vienna,36,bulgarian,1,78529,7
382,134,82,vienna,36,bulgarian,1,78529,7
266,73,35,vienna,36,bulgarian,1,78529,7
167,74,33,vienna,36,bulgarian,1,78529,7
775,76,33,vienna,36,bulgarian,1,78529,7
661,94,68,vienna,36,bulgarian,1,78529,7
152,153,135,vienna,36,bulgarian,1,78529,7
184,232,159,vienna,36,bulgarian,1,78529,7
833,141,80,vienna,36,bulgarian,1,78529,7
8,97,66,vienna,36,bulgarian,1,78529,7
428,97,80,vienna,36,bulgarian,1,78529,7
755,72,35,vienna,36,bulgarian,1,78529,7
646,103,67,vienna,36,bulgarian,1,78529,7
927,160,118,vienna,36,bulgarian,1,78529,7
682,132,32,vienna,36,bulgarian,1,78529,7
26,153,113,vienna,36,bulgarian,1,78529,7
530,95,37,vienna,36,bulgarian,1,78529,7
713,158,113,vienna,36,bulgarian,1,78529,7
219,151,115,vienna,36,bulgarian,1,78529,7
37,158,124,vienna,36,bulgarian,1,78529,7
662,158,118,vienna,36,bulgarian,1,78529,7
931,163,120,vienna,36,bulgarian,1,78529,7
846,155,116,vienna,36,bulgarian,1,78529,7
928,75,37,vienna,36,bulgarian,1,78529,7
877,76,35,vienna,36,bulgarian,1,78529,7
462,76,35,vienna,36,bulgarian,1,78529,7
699,106,64,vienna,36,bulgarian,1,78529,7
426,94,68,vienna,36,bulgarian,1,78529,7
255,158,113,vienna,36,bulgarian,1,78529,7
372,89,65,vienna,36,bulgarian,1,78529,7
63,139,88,vienna,36,bulgarian,1,78529,7
890,74,34,vienna,36,bulgarian,1,78529,7
33,129,82,vienna,36,bulgarian,1,78529,7
753,137,94,vienna,36,bulgarian,1,78529,7
315,235,165,vienna,36,bulgarian,1,78529,7
220,67,74,vienna,36,bulgarian,1,78529,7
245,127,39,vienna,36,bulgarian,1,78529,7
457,133,34,vienna,36,bulgarian,1,78529,7
368,72,35,vienna,36,bulgarian,1,78529,7
173,102,66,vienna,36,bulgarian,1,78529,7
210,96,63,vienna,36,bulgarian,1,78529,7
613,151,114,vienna,36,bulgarian,1,78529,7
64,77,67,vienna,36,bulgarian,1,78529,7
336,106,67,vienna,36,bulgarian,1,78529,7
263,100,74,vienna,36,bulgarian,1,78529,7
652,97,67,vienna,36,bulgarian,1,78529,7
15,235,177,vienna,36,bulgarian,1,78529,7
943,173,116,vienna,36,bulgarian,1,78529,7
666,74,72,vienna,36,bulgarian,1,78529,7
535,132,89,vienna,36,bulgarian,1,78529,7
610,72,34,vienna,36,bulgarian,1,78529,7
672,160,115,vienna,36,bulgarian,1,78529,7
275,100,67,vienna,36,bulgarian,1,78529,7
565,237,162,vienna,36,bulgarian,1,78529,7
692,225,186,vienna,36,bulgarian,1,78529,7
35,75,37,vienna,36,bulgarian,1,78529,7
675,98,34,vienna,36,bulgarian,1,78529,7
239,243,160,vienna,36,bulgarian,1,78529,7
382,134,96,vienna,38,bulgarian,0,100234,1
87,154,146,vienna,38,bulgarian,0,100234,1
846,155,134,vienna,38,bulgarian,0,100234,1
167,74,38,vienna,38,bulgarian,0,100234,1
996,94,82,vienna,38,bulgarian,0,100234,1
565,237,191,vienna,38,bulgarian,0,100234,1
456,128,98,vienna,38,bulgarian,0,100234,1
692,225,207,vienna,38,bulgarian,0,100234,1
839,159,136,vienna,38,bulgarian,0,100234,1
33,123,96,vienna,38,bulgarian,0,100234,1
268,96,77,vienna,38,bulgarian,0,100234,1
403,244,185,vienna,38,bulgarian,0,100234,1
682,130,38,vienna,38,bulgarian,0,100234,1
755,72,40,vienna,38,bulgarian,0,100234,1
927,160,132,vienna,38,bulgarian,0,100234,1
236,73,35,vienna,38,bulgarian,0,100234,1
713,158,132,vienna,38,bulgarian,0,100234,1
220,67,84,vienna,38,bulgarian,0,100234,1
979,133,98,vienna,38,bulgarian,0,100234,1
210,96,73,vienna,38,bulgarian,0,100234,1
15,235,196,vienna,38,bulgarian,0,100234,1
626,99,79,vienna,38,bulgarian,0,100234,1
699,102,72,vienna,38,bulgarian,0,100234,1
890,74,38,vienna,38,bulgarian,0,100234,1
928,75,41,vienna,38,bulgarian,0,100234,1
426,94,77,vienna,38,bulgarian,0,100234,1
219,151,132,vienna,38,bulgarian,0,100234,1
275,100,77,vienna,38,bulgarian,0,100234,1
919,69,39,vienna,38,bulgarian,0,100234,1
37,158,138,vienna,38,bulgarian,0,100234,1
64,76,78,vienna,38,bulgarian,0,100234,1
98,136,98,vienna,38,bulgarian,0,100234,1
704,101,38,vienna,38,bulgarian,0,100234,1
354,88,41,vienna,38,bulgarian,0,100234,1
255,158,132,vienna,38,bulgarian,0,100234,1
940,138,88,vienna,38,bulgarian,0,100234,1
931,163,134,vienna,38,bulgarian,0,100234,1
428,97,86,vienna,38,bulgarian,0,100234,1
343,73,41,vienna,38,bulgarian,0,100234,1
168,231,193,vienna,38,bulgarian,0,100234,1
152,153,148,vienna,38,bulgarian,0,100234,1
646,100,74,vienna,38,bulgarian,0,100234,1
250,222,191,vienna,38,bulgarian,0,100234,1
775,76,37,vienna,38,bulgarian,0,100234,1
730,159,142,vienna,38,bulgarian,0,100234,1
128,165,131,vienna,38,bulgarian,0,100234,1
693,225,195,vienna,38,bulgarian,0,100234,1
511,147,143,vienna,38,bulgarian,0,100234,1
336,106,75,vienna,38,bulgarian,0,100234,1
977,106,73,vienna,38,bulgarian,0,100234,1
173,100,76,vienna,38,bulgarian,0,100234,1
610,72,38,vienna,38,bulgarian,0,100234,1
63,139,96,vienna,38,bulgarian,0,100234,1
315,235,188,vienna,38,bulgarian,0,100234,1
877,76,39,vienna,38,bulgarian,0,100234,1
875,100,36,vienna,38,bulgarian,0,100234,1
672,160,134,vienna,38,bulgarian,0,100234,1
810,96,81,vienna,38,bulgarian,0,100234,1
924,130,96,vienna,38,bulgarian,0,100234,1
239,232,184,vienna,38,bulgarian,0,100234,1
635,93,83,vienna,38,bulgarian,0,100234,1
8,97,78,vienna,38,bulgarian,0,100234,1
57,142,97,vienna,38,bulgarian,0,100234,1
116,95,40,vienna,38,bulgarian,0,100234,1
753,137,104,vienna,38,bulgarian,0,100234,1
613,151,132,vienna,38,bulgarian,0,100234,1
438,101,37,vienna,38,bulgarian,0,100234,1
372,89,74,vienna,38,bulgarian,0,100234,1
801,165,129,vienna,38,bulgarian,0,100234,1
184,232,185,vienna,38,bulgarian,0,100234,1
535,132,101,vienna,38,bulgarian,0,100234,1
833,141,92,vienna,38,bulgarian,0,100234,1
457,133,38,vienna,38,bulgarian,0,100234,1
652,93,78,vienna,38,bulgarian,0,100234,1
530,95,41,vienna,38,bulgarian,0,100234,1
70,158,140,vienna,38,bulgarian,0,100234,1
266,73,39,vienna,38,bulgarian,0,100234,1
920,97,76,vienna,38,bulgarian,0,100234,1
26,153,133,vienna,38,bulgarian,0,100234,1
11,155,143,vienna,38,bulgarian,0,100234,1
666,74,80,vienna,38,bulgarian,0,100234,1
263,100,81,vienna,38,bulgarian,0,100234,1
524,159,136,vienna,38,bulgarian,0,100234,1
661,94,77,vienna,38,bulgarian,0,100234,1
226,97,78,vienna,38,bulgarian,0,100234,1
662,158,134,vienna,38,bulgarian,0,100234,1
549,96,41,vienna,38,bulgarian,0,100234,1
462,76,39,vienna,38,bulgarian,0,100234,1
675,98,38,vienna,38,bulgarian,0,100234,1
35,75,40,vienna,38,bulgarian,0,100234,1
784,101,73,vienna,38,bulgarian,0,100234,1
848,158,146,vienna,38,bulgarian,0,100234,1
195,133,40,vienna,38,bulgarian,0,100234,1
943,173,128,vienna,38,bulgarian,0,100234,1
368,69,39,vienna,38,bulgarian,0,100234,1
179,106,77,vienna,38,bulgarian,0,100234,1
171,66,73,vienna,38,bulgarian,0,100234,1
245,127,43,vienna,38,bulgarian,0,100234,1
57,139,110,vienna,40,bulgarian,0,100465,1
239,232,215,vienna,40,bulgarian,0,100465,1
167,71,44,vienna,40,bulgarian,0,100465,1
666,72,90,vienna,40,bulgarian,0,100465,1
931,163,151,vienna,40,bulgarian,0,100465,1
549,94,46,vienna,40,bulgarian,0,100465,1
63,133,106,vienna,40,bulgarian,0,100465,1
255,158,153,vienna,40,bulgarian,0,100465,1
70,158,160,vienna,40,bulgarian,0,100465,1
846,155,153,vienna,40,bulgarian,0,100465,1
173,98,87,vienna,40,bulgarian,0,100465,1
268,96,90,vienna,40,bulgarian,0,100465,1
354,88,45,vienna,40,bulgarian,0,100465,1
699,97,84,vienna,40,bulgarian,0,100465,1
336,102,82,vienna,40,bulgarian,0,100465,1
456,128,112,vienna,40,bulgarian,0,100465,1
713,158,150,vienna,40,bulgarian,0,100465,1
672,153,153,vienna,40,bulgarian,0,100465,1
753,137,112,vienna,40,bulgarian,0,100465,1
692,225,229,vienna,40,bulgarian,0,100465,1
919,69,44,vienna,40,bulgarian,0,100465,1
940,132,102,vienna,40,bulgarian,0,100465,1
839,159,156,vienna,40,bulgarian,0,100465,1
875,94,43,vienna,40,bulgarian,0,100465,1
535,129,112,vienna,40,bulgarian,0,100465,1
943,166,146,vienna,40,bulgarian,0,100465,1
426,94,88,vienna,40,bulgarian,0,100465,1
168,221,216,vienna,40,bulgarian,0,100465,1
372,89,85,vienna,40,bulgarian,0,100465,1
924,124,107,vienna,40,bulgarian,0,100465,1
15,235,214,vienna,40,bulgarian,0,100465,1
662,151,153,vienna,40,bulgarian,0,100465,1
979,133,110,vienna,40,bulgarian,0,100465,1
610,70,44,vienna,40,bulgarian,0,100465,1
8,97,89,vienna,40,bulgarian,0,100465,1
128,158,151,vienna,40,bulgarian,0,100465,1
152,153,163,vienna,40,bulgarian,0,100465,1
524,159,158,vienna,40,bulgarian,0,100465,1
928,75,45,vienna,40,bulgarian,0,100465,1
730,159,157,vienna,40,bulgarian,0,100465,1
661,94,87,vienna,40,bulgarian,0,100465,1
530,93,46,vienna,40,bulgarian,0,100465,1
275,100,86,vienna,40,bulgarian,0,100465,1
250,212,215,vienna,40,bulgarian,0,100465,1
784,94,86,vienna,40,bulgarian,0,100465,1
457,131,42,vienna,40,bulgarian,0,100465,1
33,123,113,vienna,40,bulgarian,0,100465,1
877,74,43,vienna,40,bulgarian,0,100465,1
368,65,45,vienna,40,bulgarian,0,100465,1
315,235,214,vienna,40,bulgarian,0,100465,1
801,158,146,vienna,40,bulgarian,0,100465,1
977,101,84,vienna,40,bulgarian,0,100465,1
35,73,44,vienna,40,bulgarian,0,100465,1
565,237,217,vienna,40,bulgarian,0,100465,1
116,95,46,vienna,40,bulgarian,0,100465,1
996,94,92,vienna,40,bulgarian,0,100465,1
171,63,84,vienna,40,bulgarian,0,100465,1
511,147,157,vienna,40,bulgarian,0,100465,1
646,96,84,vienna,40,bulgarian,0,100465,1
403,234,211,vienna,40,bulgarian,0,100465,1
11,155,160,vienna,40,bulgarian,0,100465,1
675,94,43,vienna,40,bulgarian,0,100465,1
613,151,151,vienna,40,bulgarian,0,100465,1
626,99,88,vienna,40,bulgarian,0,100465,1
226,95,87,vienna,40,bulgarian,0,100465,1
920,92,85,vienna,40,bulgarian,0,100465,1
652,93,90,vienna,40,bulgarian,0,100465,1
462,74,43,vienna,40,bulgarian,0,100465,1
704,96,44,vienna,40,bulgarian,0,100465,1
927,153,152,vienna,40,bulgarian,0,100465,1
263,100,90,vienna,40,bulgarian,0,100465,1
179,106,85,vienna,40,bulgarian,0,100465,1
87,154,161,vienna,40,bulgarian,0,100465,1
64,76,87,vienna,40,bulgarian,0,100465,1
775,71,42,vienna,40,bulgarian,0,100465,1
848,158,160,vienna,40,bulgarian,0,100465,1
245,127,47,vienna,40,bulgarian,0,100465,1
26,153,151,vienna,40,bulgarian,0,100465,1
382,134,108,vienna,40,bulgarian,0,100465,1
343,73,45,vienna,40,bulgarian,0,100465,1
210,91,83,vienna,40,bulgarian,0,100465,1
810,96,90,vienna,40,bulgarian,0,100465,1
635,93,92,vienna,40,bulgarian,0,100465,1
266,73,43,vienna,40,bulgarian,0,100465,1
755,72,44,vienna,40,bulgarian,0,100465,1
236,71,41,vienna,40,bulgarian,0,100465,1
184,222,213,vienna,40,bulgarian,0,100465,1
428,97,92,vienna,40,bulgarian,0,100465,1
219,151,148,vienna,40,bulgarian,0,100465,1
693,225,214,vienna,40,bulgarian,0,100465,1
682,127,43,vienna,40,bulgarian,0,100465,1
37,158,155,vienna,40,bulgarian,0,100465,1
890,71,42,vienna,40,bulgarian,0,100465,1
195,131,44,vienna,40,bulgarian,0,100465,1
833,135,104,vienna,40,bulgarian,0,100465,1
220,67,92,vienna,40,bulgarian,0,100465,1
98,136,109,vienna,40,bulgarian,0,100465,1
438,96,42,vienna,40,bulgarian,0,100465,1
931,225,11,vienna,12,bulgarian,1,104465,2
652,131,9,vienna,12,bulgarian,1,104465,2
184,304,16,vienna,12,bulgarian,1,104465,2
703,159,12,vienna,12,bulgarian,1,104465,2
848,215,15,vienna,12,bulgarian,1,104465,2
675,98,13,vienna,12,bulgarian,1,104465,2
635,131,8,vienna,12,bulgarian,1,104465,2
57,145,0,vienna,12,bulgarian,1,104465,2
220,85,10,vienna,12,bulgarian,1,104465,2
152,214,17,vienna,12,bulgarian,1,104465,2
11,198,17,vienna,12,bulgarian,1,104465,2
943,222,16,vienna,12,bulgarian,1,104465,2
494,201,13,vienna,12,bulgarian,1,104465,2
646,103,13,vienna,12,bulgarian,1,104465,2
275,121,0,vienna,12,bulgarian,1,104465,2
875,103,0,vienna,12,bulgarian,1,104465,2
704,105,0,vienna,12,bulgarian,1,104465,2
549,103,0,vienna,12,bulgarian,1,104465,2
693,245,33,vienna,12,bulgarian,1,104465,2
535,141,0,vienna,12,bulgarian,1,104465,2
877,79,0,vienna,12,bulgarian,1,104465,2
26,180,13,vienna,12,bulgarian,1,104465,2
924,166,12,vienna,12,bulgarian,1,104465,2
368,73,0,vienna,12,bulgarian,1,104465,2
682,138,0,vienna,12,bulgarian,1,104465,2
940,167,6,vienna,12,bulgarian,1,104465,2
890,76,0,vienna,12,bulgarian,1,104465,2
250,334,13,vienna,12,bulgarian,1,104465,2
996,120,9,vienna,12,bulgarian,1,104465,2
236,77,5,vienna,12,bulgarian,1,104465,2
245,132,8,vienna,12,bulgarian,1,104465,2
354,88,9,vienna,12,bulgarian,1,104465,2
662,220,9,vienna,12,bulgarian,1,104465,2
266,76,0,vienna,12,bulgarian,1,104465,2
626,137,7,vienna,12,bulgarian,1,104465,2
343,78,8,vienna,12,bulgarian,1,104465,2
457,142,0,vienna,12,bulgarian,1,104465,2
210,96,13,vienna,12,bulgarian,1,104465,2
928,80,0,vienna,12,bulgarian,1,104465,2
173,107,0,vienna,12,bulgarian,1,104465,2
833,141,0,vienna,12,bulgarian,1,104465,2
753,141,20,vienna,12,bulgarian,1,104465,2
456,171,10,vienna,12,bulgarian,1,104465,2
661,120,8,vienna,12,bulgarian,1,104465,2
977,110,21,vienna,12,bulgarian,1,104465,2
927,208,11,vienna,12,bulgarian,1,104465,2
962,138,0,vienna,12,bulgarian,1,104465,2
116,121,5,vienna,12,bulgarian,1,104465,2
8,132,8,vienna,12,bulgarian,1,104465,2
672,229,8,vienna,12,bulgarian,1,104465,2
336,123,2,vienna,12,bulgarian,1,104465,2
87,216,15,vienna,12,bulgarian,1,104465,2
426,133,6,vienna,12,bulgarian,1,104465,2
784,105,0,vienna,12,bulgarian,1,104465,2
428,97,18,vienna,12,bulgarian,1,104465,2
179,108,0,vienna,12,bulgarian,1,104465,2
666,79,4,vienna,12,bulgarian,1,104465,2
15,306,21,vienna,12,bulgarian,1,104465,2
167,77,0,vienna,12,bulgarian,1,104465,2
699,123,7,vienna,12,bulgarian,1,104465,2
446,104,0,vienna,12,bulgarian,1,104465,2
63,139,25,vienna,12,bulgarian,1,104465,2
846,282,8,vienna,12,bulgarian,1,104465,2
268,121,8,vienna,12,bulgarian,1,104465,2
70,172,20,vienna,12,bulgarian,1,104465,2
839,166,33,vienna,12,bulgarian,1,104465,2
524,231,10,vienna,12,bulgarian,1,104465,2
231,144,0,vienna,12,bulgarian,1,104465,2
315,246,25,vienna,12,bulgarian,1,104465,2
278,108,0,vienna,12,bulgarian,1,104465,2
730,159,27,vienna,12,bulgarian,1,104465,2
195,139,0,vienna,12,bulgarian,1,104465,2
226,104,0,vienna,12,bulgarian,1,104465,2
511,154,25,vienna,12,bulgarian,1,104465,2
530,97,7,vienna,12,bulgarian,1,104465,2
775,76,0,vienna,12,bulgarian,1,104465,2
168,302,15,vienna,12,bulgarian,1,104465,2
382,141,12,vienna,12,bulgarian,1,104465,2
292,203,15,vienna,12,bulgarian,1,104465,2
128,241,8,vienna,12,bulgarian,1,104465,2
919,73,0,vienna,12,bulgarian,1,104465,2
98,145,10,vienna,12,bulgarian,1,104465,2
610,72,12,vienna,12,bulgarian,1,104465,2
35,80,2,vienna,12,bulgarian,1,104465,2
372,118,9,vienna,12,bulgarian,1,104465,2
403,325,16,vienna,12,bulgarian,1,104465,2
33,165,8,vienna,12,bulgarian,1,104465,2
37,179,15,vienna,12,bulgarian,1,104465,2
979,169,12,vienna,12,bulgarian,1,104465,2
713,213,9,vienna,12,bulgarian,1,104465,2
171,84,8,vienna,12,bulgarian,1,104465,2
692,286,14,vienna,12,bulgarian,1,104465,2
219,207,12,vienna,12,bulgarian,1,104465,2
565,288,27,vienna,12,bulgarian,1,104465,2
263,136,7,vienna,12,bulgarian,1,104465,2
755,77,0,vienna,12,bulgarian,1,104465,2
462,78,0,vienna,12,bulgarian,1,104465,2
438,105,0,vienna,12,bulgarian,1,104465,2
239,323,16,vienna,12,bulgarian,1,104465,2
255,186,17,vienna,12,bulgarian,1,104465,2
920,101,0,vienna,12,bulgarian,1,104465,2
810,130,8,vienna,12,bulgarian,1,104465,2
613,213,10,vienna,12,bulgarian,1,104465,2
64,79,0,vienna,12,bulgarian,1,104465,2
801,222,11,vienna,12,bulgarian,1,104465,2
68,166,12,vienna,12,bulgarian,1,104465,2
940,138,66,vienna,34,bulgarian,1,104567,1
833,141,68,vienna,34,bulgarian,1,104567,1
57,145,78,vienna,34,bulgarian,1,104567,1
626,103,57,vienna,34,bulgarian,1,104567,1
184,243,137,vienna,34,bulgarian,1,104567,1
730,159,117,vienna,34,bulgarian,1,104567,1
613,151,92,vienna,34,bulgarian,1,104567,1
672,166,99,vienna,34,bulgarian,1,104567,1
98,136,81,vienna,34,bulgarian,1,104567,1
37,158,110,vienna,34,bulgarian,1,104567,1
336,106,60,vienna,34,bulgarian,1,104567,1
928,75,34,vienna,34,bulgarian,1,104567,1
920,97,60,vienna,34,bulgarian,1,104567,1
996,94,62,vienna,34,bulgarian,1,104567,1
428,97,75,vienna,34,bulgarian,1,104567,1
26,160,97,vienna,34,bulgarian,1,104567,1
693,225,163,vienna,34,bulgarian,1,104567,1
116,100,29,vienna,34,bulgarian,1,104567,1
977,110,55,vienna,34,bulgarian,1,104567,1
343,73,35,vienna,34,bulgarian,1,104567,1
171,69,55,vienna,34,bulgarian,1,104567,1
755,72,31,vienna,34,bulgarian,1,104567,1
875,103,28,vienna,34,bulgarian,1,104567,1
354,88,33,vienna,34,bulgarian,1,104567,1
846,163,101,vienna,34,bulgarian,1,104567,1
530,95,32,vienna,34,bulgarian,1,104567,1
565,247,138,vienna,34,bulgarian,1,104567,1
210,96,56,vienna,34,bulgarian,1,104567,1
426,94,59,vienna,34,bulgarian,1,104567,1
662,165,103,vienna,34,bulgarian,1,104567,1
372,89,55,vienna,34,bulgarian,1,104567,1
263,100,66,vienna,34,bulgarian,1,104567,1
168,231,143,vienna,34,bulgarian,1,104567,1
64,79,57,vienna,34,bulgarian,1,104567,1
943,173,106,vienna,34,bulgarian,1,104567,1
403,255,137,vienna,34,bulgarian,1,104567,1
692,225,165,vienna,34,bulgarian,1,104567,1
382,141,70,vienna,34,bulgarian,1,104567,1
924,130,76,vienna,34,bulgarian,1,104567,1
167,76,28,vienna,34,bulgarian,1,104567,1
226,97,58,vienna,34,bulgarian,1,104567,1
128,172,100,vienna,34,bulgarian,1,104567,1
462,76,30,vienna,34,bulgarian,1,104567,1
919,71,30,vienna,34,bulgarian,1,104567,1
15,235,159,vienna,34,bulgarian,1,104567,1
457,133,29,vienna,34,bulgarian,1,104567,1
173,102,58,vienna,34,bulgarian,1,104567,1
699,110,55,vienna,34,bulgarian,1,104567,1
219,158,99,vienna,34,bulgarian,1,104567,1
268,100,63,vienna,34,bulgarian,1,104567,1
239,253,139,vienna,34,bulgarian,1,104567,1
784,105,55,vienna,34,bulgarian,1,104567,1
549,98,31,vienna,34,bulgarian,1,104567,1
610,72,31,vienna,34,bulgarian,1,104567,1
890,74,29,vienna,34,bulgarian,1,104567,1
666,74,64,vienna,34,bulgarian,1,104567,1
839,166,104,vienna,34,bulgarian,1,104567,1
195,133,32,vienna,34,bulgarian,1,104567,1
524,166,103,vienna,34,bulgarian,1,104567,1
8,102,56,vienna,34,bulgarian,1,104567,1
245,127,36,vienna,34,bulgarian,1,104567,1
236,77,26,vienna,34,bulgarian,1,104567,1
652,102,58,vienna,34,bulgarian,1,104567,1
152,153,122,vienna,34,bulgarian,1,104567,1
315,235,144,vienna,34,bulgarian,1,104567,1
250,222,144,vienna,34,bulgarian,1,104567,1
438,101,27,vienna,34,bulgarian,1,104567,1
63,139,80,vienna,34,bulgarian,1,104567,1
255,158,96,vienna,34,bulgarian,1,104567,1
713,165,96,vienna,34,bulgarian,1,104567,1
220,67,66,vienna,34,bulgarian,1,104567,1
979,133,77,vienna,34,bulgarian,1,104567,1
456,134,74,vienna,34,bulgarian,1,104567,1
753,137,87,vienna,34,bulgarian,1,104567,1
275,105,56,vienna,34,bulgarian,1,104567,1
646,103,60,vienna,34,bulgarian,1,104567,1
511,147,116,vienna,34,bulgarian,1,104567,1
931,163,104,vienna,34,bulgarian,1,104567,1
775,76,29,vienna,34,bulgarian,1,104567,1
661,94,58,vienna,34,bulgarian,1,104567,1
848,158,120,vienna,34,bulgarian,1,104567,1
35,75,34,vienna,34,bulgarian,1,104567,1
635,93,62,vienna,34,bulgarian,1,104567,1
87,154,117,vienna,34,bulgarian,1,104567,1
801,165,104,vienna,34,bulgarian,1,104567,1
535,135,78,vienna,34,bulgarian,1,104567,1
682,138,27,vienna,34,bulgarian,1,104567,1
675,98,31,vienna,34,bulgarian,1,104567,1
368,72,31,vienna,34,bulgarian,1,104567,1
179,106,63,vienna,34,bulgarian,1,104567,1
11,155,113,vienna,34,bulgarian,1,104567,1
927,160,105,vienna,34,bulgarian,1,104567,1
33,129,68,vienna,34,bulgarian,1,104567,1
877,77,30,vienna,34,bulgarian,1,104567,1
810,96,61,vienna,34,bulgarian,1,104567,1
266,73,31,vienna,34,bulgarian,1,104567,1
70,165,104,vienna,34,bulgarian,1,104567,1
704,101,28,vienna,34,bulgarian,1,104567,1
428,124,0,vienna,5,bulgarian,1,104583,3
315,286,10,vienna,5,bulgarian,1,104583,3
343,78,2,vienna,5,bulgarian,1,104583,3
652,131,4,vienna,5,bulgarian,1,104583,3
524,289,4,vienna,5,bulgarian,1,104583,3
810,152,2,vienna,5,bulgarian,1,104583,3
173,107,0,vienna,5,bulgarian,1,104583,3
996,121,4,vienna,5,bulgarian,1,104583,3
231,144,0,vienna,5,bulgarian,1,104583,3
116,121,0,vienna,5,bulgarian,1,104583,3
210,122,4,vienna,5,bulgarian,1,104583,3
184,375,5,vienna,5,bulgarian,1,104583,3
931,283,4,vienna,5,bulgarian,1,104583,3
11,198,7,vienna,5,bulgarian,1,104583,3
179,108,0,vienna,5,bulgarian,1,104583,3
833,141,0,vienna,5,bulgarian,1,104583,3
268,122,0,vienna,5,bulgarian,1,104583,3
236,77,2,vienna,5,bulgarian,1,104583,3
171,84,3,vienna,5,bulgarian,1,104583,3
70,173,10,vienna,5,bulgarian,1,104583,3
730,203,6,vienna,5,bulgarian,1,104583,3
152,215,7,vienna,5,bulgarian,1,104583,3
168,373,5,vienna,5,bulgarian,1,104583,3
438,105,0,vienna,5,bulgarian,1,104583,3
775,77,0,vienna,5,bulgarian,1,104583,3
403,407,4,vienna,5,bulgarian,1,104583,3
943,223,6,vienna,5,bulgarian,1,104583,3
494,201,4,vienna,5,bulgarian,1,104583,3
68,167,7,vienna,5,bulgarian,1,104583,3
626,172,2,vienna,5,bulgarian,1,104583,3
226,104,0,vienna,5,bulgarian,1,104583,3
682,138,0,vienna,5,bulgarian,1,104583,3
704,105,0,vienna,5,bulgarian,1,104583,3
703,159,5,vienna,5,bulgarian,1,104583,3
919,74,0,vienna,5,bulgarian,1,104583,3
565,288,13,vienna,5,bulgarian,1,104583,3
462,78,0,vienna,5,bulgarian,1,104583,3
713,276,3,vienna,5,bulgarian,1,104583,3
530,97,4,vienna,5,bulgarian,1,104583,3
239,405,5,vienna,5,bulgarian,1,104583,3
275,122,0,vienna,5,bulgarian,1,104583,3
87,217,5,vienna,5,bulgarian,1,104583,3
372,119,4,vienna,5,bulgarian,1,104583,3
368,73,0,vienna,5,bulgarian,1,104583,3
250,405,5,vienna,5,bulgarian,1,104583,3
979,170,5,vienna,5,bulgarian,1,104583,3
255,186,7,vienna,5,bulgarian,1,104583,3
675,98,9,vienna,5,bulgarian,1,104583,3
693,245,24,vienna,5,bulgarian,1,104583,3
64,79,0,vienna,5,bulgarian,1,104583,3
336,124,0,vienna,5,bulgarian,1,104583,3
846,283,4,vienna,5,bulgarian,1,104583,3
446,104,0,vienna,5,bulgarian,1,104583,3
549,103,0,vienna,5,bulgarian,1,104583,3
927,257,4,vienna,5,bulgarian,1,104583,3
661,121,2,vienna,5,bulgarian,1,104583,3
924,167,4,vienna,5,bulgarian,1,104583,3
511,217,7,vienna,5,bulgarian,1,104583,3
128,276,4,vienna,5,bulgarian,1,104583,3
15,307,7,vienna,5,bulgarian,1,104583,3
753,147,1,vienna,5,bulgarian,1,104583,3
801,273,4,vienna,5,bulgarian,1,104583,3
292,203,5,vienna,5,bulgarian,1,104583,3
457,142,0,vienna,5,bulgarian,1,104583,3
875,103,0,vienna,5,bulgarian,1,104583,3
662,276,4,vienna,5,bulgarian,1,104583,3
219,255,4,vienna,5,bulgarian,1,104583,3
426,163,2,vienna,5,bulgarian,1,104583,3
278,108,0,vienna,5,bulgarian,1,104583,3
57,145,0,vienna,5,bulgarian,1,104583,3
354,88,6,vienna,5,bulgarian,1,104583,3
839,167,14,vienna,5,bulgarian,1,104583,3
33,165,0,vienna,5,bulgarian,1,104583,3
784,105,0,vienna,5,bulgarian,1,104583,3
8,132,5,vienna,5,bulgarian,1,104583,3
37,208,5,vienna,5,bulgarian,1,104583,3
920,101,0,vienna,5,bulgarian,1,104583,3
977,110,10,vienna,5,bulgarian,1,104583,3
220,86,4,vienna,5,bulgarian,1,104583,3
672,278,3,vienna,5,bulgarian,1,104583,3
928,80,0,vienna,5,bulgarian,1,104583,3
940,168,0,vienna,5,bulgarian,1,104583,3
848,251,4,vienna,5,bulgarian,1,104583,3
266,77,0,vienna,5,bulgarian,1,104583,3
877,79,0,vienna,5,bulgarian,1,104583,3
962,138,0,vienna,5,bulgarian,1,104583,3
98,145,0,vienna,5,bulgarian,1,104583,3
692,358,5,vienna,5,bulgarian,1,104583,3
666,79,0,vienna,5,bulgarian,1,104583,3
646,103,0,vienna,5,bulgarian,1,104583,3
63,142,5,vienna,5,bulgarian,1,104583,3
195,139,0,vienna,5,bulgarian,1,104583,3
382,172,4,vienna,5,bulgarian,1,104583,3
35,80,0,vienna,5,bulgarian,1,104583,3
610,73,8,vienna,5,bulgarian,1,104583,3
755,77,0,vienna,5,bulgarian,1,104583,3
613,262,4,vienna,5,bulgarian,1,104583,3
890,77,0,vienna,5,bulgarian,1,104583,3
245,133,4,vienna,5,bulgarian,1,104583,3
535,141,0,vienna,5,bulgarian,1,104583,3
167,77,0,vienna,5,bulgarian,1,104583,3
635,131,2,vienna,5,bulgarian,1,104583,3
292,210,0,vienna,1,bulgarian,1,124690,6
511,206,1,vienna,1,bulgarian,1,124690,6
11,188,1,vienna,1,bulgarian,1,124690,6
693,233,20,vienna,1,bulgarian,1,124690,6
250,418,1,vienna,1,bulgarian,1,124690,6
33,170,0,vienna,1,bulgarian,1,124690,6
343,80,0,vienna,1,bulgarian,1,124690,6
635,166,0,vienna,1,bulgarian,1,124690,6
924,172,0,vienna,1,bulgarian,1,124690,6
231,149,0,vienna,1,bulgarian,1,124690,6
652,136,0,vienna,1,bulgarian,1,124690,6
195,144,0,vienna,1,bulgarian,1,124690,6
275,126,0,vienna,1,bulgarian,1,124690,6
336,128,0,vienna,1,bulgarian,1,124690,6
692,370,1,vienna,1,bulgarian,1,124690,6
919,76,0,vienna,1,bulgarian,1,124690,6
372,123,0,vienna,1,bulgarian,1,124690,6
428,128,0,vienna,1,bulgarian,1,124690,6
236,74,1,vienna,1,bulgarian,1,124690,6
98,150,0,vienna,1,bulgarian,1,124690,6
168,385,1,vienna,1,bulgarian,1,124690,6
920,104,0,vienna,1,bulgarian,1,124690,6
152,222,3,vienna,1,bulgarian,1,124690,6
996,125,0,vienna,1,bulgarian,1,124690,6
704,108,0,vienna,1,bulgarian,1,124690,6
63,147,0,vienna,1,bulgarian,1,124690,6
662,285,1,vienna,1,bulgarian,1,124690,6
179,111,0,vienna,1,bulgarian,1,124690,6
846,292,1,vienna,1,bulgarian,1,124690,6
37,267,1,vienna,1,bulgarian,1,124690,6
833,146,0,vienna,1,bulgarian,1,124690,6
70,178,4,vienna,1,bulgarian,1,124690,6
875,106,0,vienna,1,bulgarian,1,124690,6
848,297,1,vienna,1,bulgarian,1,124690,6
457,147,0,vienna,1,bulgarian,1,124690,6
68,158,5,vienna,1,bulgarian,1,124690,6
755,80,0,vienna,1,bulgarian,1,124690,6
210,116,3,vienna,1,bulgarian,1,124690,6
173,110,0,vienna,1,bulgarian,1,124690,6
426,168,0,vienna,1,bulgarian,1,124690,6
784,108,0,vienna,1,bulgarian,1,124690,6
368,75,0,vienna,1,bulgarian,1,124690,6
171,86,0,vienna,1,bulgarian,1,124690,6
245,126,1,vienna,1,bulgarian,1,124690,6
940,173,0,vienna,1,bulgarian,1,124690,6
610,69,6,vienna,1,bulgarian,1,124690,6
979,161,1,vienna,1,bulgarian,1,124690,6
713,285,0,vienna,1,bulgarian,1,124690,6
839,210,2,vienna,1,bulgarian,1,124690,6
877,81,0,vienna,1,bulgarian,1,124690,6
613,270,1,vienna,1,bulgarian,1,124690,6
382,177,0,vienna,1,bulgarian,1,124690,6
666,81,0,vienna,1,bulgarian,1,124690,6
675,93,7,vienna,1,bulgarian,1,124690,6
565,298,5,vienna,1,bulgarian,1,124690,6
931,292,1,vienna,1,bulgarian,1,124690,6
354,84,4,vienna,1,bulgarian,1,124690,6
962,143,0,vienna,1,bulgarian,1,124690,6
646,106,0,vienna,1,bulgarian,1,124690,6
64,81,0,vienna,1,bulgarian,1,124690,6
266,79,0,vienna,1,bulgarian,1,124690,6
672,287,0,vienna,1,bulgarian,1,124690,6
661,125,0,vienna,1,bulgarian,1,124690,6
801,282,1,vienna,1,bulgarian,1,124690,6
8,137,4,vienna,1,bulgarian,1,124690,6
255,177,1,vienna,1,bulgarian,1,124690,6
494,208,0,vienna,1,bulgarian,1,124690,6
703,151,1,vienna,1,bulgarian,1,124690,6
626,177,0,vienna,1,bulgarian,1,124690,6
278,111,0,vienna,1,bulgarian,1,124690,6
524,299,1,vienna,1,bulgarian,1,124690,6
268,126,0,vienna,1,bulgarian,1,124690,6
226,107,0,vienna,1,bulgarian,1,124690,6
239,418,1,vienna,1,bulgarian,1,124690,6
315,296,2,vienna,1,bulgarian,1,124690,6
775,79,0,vienna,1,bulgarian,1,124690,6
167,80,0,vienna,1,bulgarian,1,124690,6
927,265,1,vienna,1,bulgarian,1,124690,6
943,230,1,vienna,1,bulgarian,1,124690,6
928,83,0,vienna,1,bulgarian,1,124690,6
15,391,1,vienna,1,bulgarian,1,124690,6
57,150,0,vienna,1,bulgarian,1,124690,6
535,146,0,vienna,1,bulgarian,1,124690,6
184,387,1,vienna,1,bulgarian,1,124690,6
682,143,0,vienna,1,bulgarian,1,124690,6
116,125,0,vienna,1,bulgarian,1,124690,6
35,83,0,vienna,1,bulgarian,1,124690,6
438,108,0,vienna,1,bulgarian,1,124690,6
219,263,1,vienna,1,bulgarian,1,124690,6
403,420,0,vienna,1,bulgarian,1,124690,6
128,285,1,vienna,1,bulgarian,1,124690,6
530,92,2,vienna,1,bulgarian,1,124690,6
753,152,0,vienna,1,bulgarian,1,124690,6
462,80,0,vienna,1,bulgarian,1,124690,6
87,274,1,vienna,1,bulgarian,1,124690,6
810,180,0,vienna,1,bulgarian,1,124690,6
730,210,0,vienna,1,bulgarian,1,124690,6
977,104,3,vienna,1,bulgarian,1,124690,6
220,81,1,vienna,1,bulgarian,1,124690,6
890,79,0,vienna,1,bulgarian,1,124690,6
549,106,0,vienna,1,bulgarian,1,124690,6
446,107,0,vienna,1,bulgarian,1,124690,6
37,172,34,vienna,20,bulgarian,0,131474,1
755,77,8,vienna,20,bulgarian,0,131474,1
382,141,30,vienna,20,bulgarian,0,131474,1
511,147,63,vienna,20,bulgarian,0,131474,1
11,155,45,vienna,20,bulgarian,0,131474,1
152,153,41,vienna,20,bulgarian,0,131474,1
171,69,18,vienna,20,bulgarian,0,131474,1
693,245,50,vienna,20,bulgarian,0,131474,1
524,195,26,vienna,20,bulgarian,0,131474,1
64,79,0,vienna,20,bulgarian,0,131474,1
661,103,15,vienna,20,bulgarian,0,131474,1
713,193,23,vienna,20,bulgarian,0,131474,1
730,159,54,vienna,20,bulgarian,0,131474,1
343,78,16,vienna,20,bulgarian,0,131474,1
810,100,22,vienna,20,bulgarian,0,131474,1
231,144,8,vienna,20,bulgarian,0,131474,1
626,108,19,vienna,20,bulgarian,0,131474,1
924,149,21,vienna,20,bulgarian,0,131474,1
15,235,58,vienna,20,bulgarian,0,131474,1
996,108,16,vienna,20,bulgarian,0,131474,1
635,106,19,vienna,20,bulgarian,0,131474,1
220,85,16,vienna,20,bulgarian,0,131474,1
336,119,17,vienna,20,bulgarian,0,131474,1
275,121,10,vienna,20,bulgarian,0,131474,1
753,137,42,vienna,20,bulgarian,0,131474,1
839,166,52,vienna,20,bulgarian,0,131474,1
116,104,8,vienna,20,bulgarian,0,131474,1
682,138,0,vienna,20,bulgarian,0,131474,1
26,160,31,vienna,20,bulgarian,0,131474,1
239,283,32,vienna,20,bulgarian,0,131474,1
530,97,11,vienna,20,bulgarian,0,131474,1
428,97,45,vienna,20,bulgarian,0,131474,1
33,147,22,vienna,20,bulgarian,0,131474,1
699,119,18,vienna,20,bulgarian,0,131474,1
278,108,7,vienna,20,bulgarian,0,131474,1
403,264,42,vienna,20,bulgarian,0,131474,1
195,139,4,vienna,20,bulgarian,0,131474,1
784,105,13,vienna,20,bulgarian,0,131474,1
666,79,18,vienna,20,bulgarian,0,131474,1
98,136,29,vienna,20,bulgarian,0,131474,1
315,246,56,vienna,20,bulgarian,0,131474,1
87,174,35,vienna,20,bulgarian,0,131474,1
268,105,20,vienna,20,bulgarian,0,131474,1
940,167,18,vienna,20,bulgarian,0,131474,1
63,139,46,vienna,20,bulgarian,0,131474,1
57,145,20,vienna,20,bulgarian,0,131474,1
255,172,30,vienna,20,bulgarian,0,131474,1
704,105,0,vienna,20,bulgarian,0,131474,1
977,110,33,vienna,20,bulgarian,0,131474,1
168,251,42,vienna,20,bulgarian,0,131474,1
919,73,7,vienna,20,bulgarian,0,131474,1
457,142,6,vienna,20,bulgarian,0,131474,1
931,183,31,vienna,20,bulgarian,0,131474,1
675,98,18,vienna,20,bulgarian,0,131474,1
875,103,8,vienna,20,bulgarian,0,131474,1
8,110,18,vienna,20,bulgarian,0,131474,1
292,203,27,vienna,20,bulgarian,0,131474,1
250,243,45,vienna,20,bulgarian,0,131474,1
446,104,0,vienna,20,bulgarian,0,131474,1
979,169,20,vienna,20,bulgarian,0,131474,1
70,172,39,vienna,20,bulgarian,0,131474,1
833,141,0,vienna,20,bulgarian,0,131474,1
173,107,6,vienna,20,bulgarian,0,131474,1
613,193,21,vienna,20,bulgarian,0,131474,1
210,96,26,vienna,20,bulgarian,0,131474,1
610,72,17,vienna,20,bulgarian,0,131474,1
245,132,15,vienna,20,bulgarian,0,131474,1
179,108,21,vienna,20,bulgarian,0,131474,1
962,138,21,vienna,20,bulgarian,0,131474,1
226,104,3,vienna,20,bulgarian,0,131474,1
775,76,2,vienna,20,bulgarian,0,131474,1
927,180,27,vienna,20,bulgarian,0,131474,1
877,79,3,vienna,20,bulgarian,0,131474,1
565,288,43,vienna,20,bulgarian,0,131474,1
184,253,43,vienna,20,bulgarian,0,131474,1
438,105,5,vienna,20,bulgarian,0,131474,1
236,77,9,vienna,20,bulgarian,0,131474,1
167,77,7,vienna,20,bulgarian,0,131474,1
646,103,28,vienna,20,bulgarian,0,131474,1
68,166,20,vienna,20,bulgarian,0,131474,1
354,88,14,vienna,20,bulgarian,0,131474,1
128,207,25,vienna,20,bulgarian,0,131474,1
928,80,12,vienna,20,bulgarian,0,131474,1
462,78,3,vienna,20,bulgarian,0,131474,1
456,171,18,vienna,20,bulgarian,0,131474,1
549,103,9,vienna,20,bulgarian,0,131474,1
801,186,31,vienna,20,bulgarian,0,131474,1
219,172,29,vienna,20,bulgarian,0,131474,1
535,141,21,vienna,20,bulgarian,0,131474,1
368,73,0,vienna,20,bulgarian,0,131474,1
920,101,0,vienna,20,bulgarian,0,131474,1
35,78,12,vienna,20,bulgarian,0,131474,1
848,158,47,vienna,20,bulgarian,0,131474,1
662,179,29,vienna,20,bulgarian,0,131474,1
266,76,9,vienna,20,bulgarian,0,131474,1
263,109,19,vienna,20,bulgarian,0,131474,1
846,183,30,vienna,20,bulgarian,0,131474,1
692,225,48,vienna,20,bulgarian,0,131474,1
403,244,172,vienna,37,bulgarian,1,166260,4
462,76,37,vienna,37,bulgarian,1,166260,4
428,97,83,vienna,37,bulgarian,1,166260,4
704,101,36,vienna,37,bulgarian,1,166260,4
343,73,39,vienna,37,bulgarian,1,166260,4
848,158,139,vienna,37,bulgarian,1,166260,4
336,106,71,vienna,37,bulgarian,1,166260,4
610,72,36,vienna,37,bulgarian,1,166260,4
128,165,123,vienna,37,bulgarian,1,166260,4
37,158,130,vienna,37,bulgarian,1,166260,4
775,76,35,vienna,37,bulgarian,1,166260,4
713,158,122,vienna,37,bulgarian,1,166260,4
168,231,180,vienna,37,bulgarian,1,166260,4
219,151,122,vienna,37,bulgarian,1,166260,4
382,134,89,vienna,37,bulgarian,1,166260,4
98,136,94,vienna,37,bulgarian,1,166260,4
730,159,134,vienna,37,bulgarian,1,166260,4
693,225,187,vienna,37,bulgarian,1,166260,4
315,235,176,vienna,37,bulgarian,1,166260,4
755,72,38,vienna,37,bulgarian,1,166260,4
26,153,123,vienna,37,bulgarian,1,166260,4
11,155,134,vienna,37,bulgarian,1,166260,4
661,94,73,vienna,37,bulgarian,1,166260,4
931,163,127,vienna,37,bulgarian,1,166260,4
220,67,79,vienna,37,bulgarian,1,166260,4
753,137,98,vienna,37,bulgarian,1,166260,4
626,99,73,vienna,37,bulgarian,1,166260,4
535,132,96,vienna,37,bulgarian,1,166260,4
33,129,88,vienna,37,bulgarian,1,166260,4
877,76,37,vienna,37,bulgarian,1,166260,4
672,160,125,vienna,37,bulgarian,1,166260,4
70,158,130,vienna,37,bulgarian,1,166260,4
372,89,69,vienna,37,bulgarian,1,166260,4
927,160,125,vienna,37,bulgarian,1,166260,4
457,133,36,vienna,37,bulgarian,1,166260,4
565,237,177,vienna,37,bulgarian,1,166260,4
116,95,37,vienna,37,bulgarian,1,166260,4
87,154,139,vienna,37,bulgarian,1,166260,4
919,71,36,vienna,37,bulgarian,1,166260,4
173,100,71,vienna,37,bulgarian,1,166260,4
810,96,77,vienna,37,bulgarian,1,166260,4
662,158,126,vienna,37,bulgarian,1,166260,4
511,147,136,vienna,37,bulgarian,1,166260,4
63,139,92,vienna,37,bulgarian,1,166260,4
549,96,39,vienna,37,bulgarian,1,166260,4
171,66,67,vienna,37,bulgarian,1,166260,4
195,133,38,vienna,37,bulgarian,1,166260,4
890,74,36,vienna,37,bulgarian,1,166260,4
250,222,180,vienna,37,bulgarian,1,166260,4
784,101,67,vienna,37,bulgarian,1,166260,4
924,130,91,vienna,37,bulgarian,1,166260,4
152,153,142,vienna,37,bulgarian,1,166260,4
354,88,39,vienna,37,bulgarian,1,166260,4
8,97,72,vienna,37,bulgarian,1,166260,4
530,95,39,vienna,37,bulgarian,1,166260,4
268,100,73,vienna,37,bulgarian,1,166260,4
996,94,77,vienna,37,bulgarian,1,166260,4
210,96,68,vienna,37,bulgarian,1,166260,4
920,97,72,vienna,37,bulgarian,1,166260,4
979,133,93,vienna,37,bulgarian,1,166260,4
184,232,173,vienna,37,bulgarian,1,166260,4
846,155,125,vienna,37,bulgarian,1,166260,4
666,74,76,vienna,37,bulgarian,1,166260,4
64,76,72,vienna,37,bulgarian,1,166260,4
275,100,72,vienna,37,bulgarian,1,166260,4
15,235,187,vienna,37,bulgarian,1,166260,4
167,74,35,vienna,37,bulgarian,1,166260,4
57,145,92,vienna,37,bulgarian,1,166260,4
940,138,82,vienna,37,bulgarian,1,166260,4
255,158,122,vienna,37,bulgarian,1,166260,4
977,106,68,vienna,37,bulgarian,1,166260,4
263,100,77,vienna,37,bulgarian,1,166260,4
652,93,72,vienna,37,bulgarian,1,166260,4
682,132,35,vienna,37,bulgarian,1,166260,4
524,166,128,vienna,37,bulgarian,1,166260,4
646,103,70,vienna,37,bulgarian,1,166260,4
839,159,128,vienna,37,bulgarian,1,166260,4
245,127,41,vienna,37,bulgarian,1,166260,4
236,73,32,vienna,37,bulgarian,1,166260,4
179,106,73,vienna,37,bulgarian,1,166260,4
426,94,72,vienna,37,bulgarian,1,166260,4
239,243,172,vienna,37,bulgarian,1,166260,4
368,72,37,vienna,37,bulgarian,1,166260,4
266,73,37,vienna,37,bulgarian,1,166260,4
613,151,123,vienna,37,bulgarian,1,166260,4
833,141,86,vienna,37,bulgarian,1,166260,4
801,165,122,vienna,37,bulgarian,1,166260,4
875,103,34,vienna,37,bulgarian,1,166260,4
635,93,77,vienna,37,bulgarian,1,166260,4
928,75,39,vienna,37,bulgarian,1,166260,4
35,75,38,vienna,37,bulgarian,1,166260,4
699,106,68,vienna,37,bulgarian,1,166260,4
456,128,92,vienna,37,bulgarian,1,166260,4
692,225,196,vienna,37,bulgarian,1,166260,4
943,173,122,vienna,37,bulgarian,1,166260,4
438,101,34,vienna,37,bulgarian,1,166260,4
226,97,73,vienna,37,bulgarian,1,166260,4
675,98,36,vienna,37,bulgarian,1,166260,4
704,105,0,vienna,8,bulgarian,1,166276,3
890,76,0,vienna,8,bulgarian,1,166276,3
613,261,6,vienna,8,bulgarian,1,166276,3
210,105,6,vienna,8,bulgarian,1,166276,3
635,131,4,vienna,8,bulgarian,1,166276,3
231,144,0,vienna,8,bulgarian,1,166276,3
713,275,5,vienna,8,bulgarian,1,166276,3
661,120,5,vienna,8,bulgarian,1,166276,3
354,88,7,vienna,8,bulgarian,1,166276,3
666,79,0,vienna,8,bulgarian,1,166276,3
438,105,0,vienna,8,bulgarian,1,166276,3
292,203,9,vienna,8,bulgarian,1,166276,3
8,132,6,vienna,8,bulgarian,1,166276,3
11,198,11,vienna,8,bulgarian,1,166276,3
524,289,6,vienna,8,bulgarian,1,166276,3
931,225,6,vienna,8,bulgarian,1,166276,3
977,110,14,vienna,8,bulgarian,1,166276,3
57,145,0,vienna,8,bulgarian,1,166276,3
927,208,6,vienna,8,bulgarian,1,166276,3
152,214,11,vienna,8,bulgarian,1,166276,3
195,139,0,vienna,8,bulgarian,1,166276,3
315,286,16,vienna,8,bulgarian,1,166276,3
268,121,3,vienna,8,bulgarian,1,166276,3
278,108,0,vienna,8,bulgarian,1,166276,3
699,123,2,vienna,8,bulgarian,1,166276,3
26,180,7,vienna,8,bulgarian,1,166276,3
368,73,0,vienna,8,bulgarian,1,166276,3
64,79,0,vienna,8,bulgarian,1,166276,3
446,104,0,vienna,8,bulgarian,1,166276,3
336,123,0,vienna,8,bulgarian,1,166276,3
171,84,5,vienna,8,bulgarian,1,166276,3
920,101,0,vienna,8,bulgarian,1,166276,3
565,288,19,vienna,8,bulgarian,1,166276,3
494,201,8,vienna,8,bulgarian,1,166276,3
646,103,5,vienna,8,bulgarian,1,166276,3
63,139,13,vienna,8,bulgarian,1,166276,3
682,138,0,vienna,8,bulgarian,1,166276,3
245,132,6,vienna,8,bulgarian,1,166276,3
877,79,0,vienna,8,bulgarian,1,166276,3
839,166,22,vienna,8,bulgarian,1,166276,3
239,323,8,vienna,8,bulgarian,1,166276,3
382,171,6,vienna,8,bulgarian,1,166276,3
226,104,0,vienna,8,bulgarian,1,166276,3
610,72,10,vienna,8,bulgarian,1,166276,3
784,105,0,vienna,8,bulgarian,1,166276,3
693,245,27,vienna,8,bulgarian,1,166276,3
173,107,0,vienna,8,bulgarian,1,166276,3
996,120,6,vienna,8,bulgarian,1,166276,3
167,77,0,vienna,8,bulgarian,1,166276,3
940,167,0,vienna,8,bulgarian,1,166276,3
846,282,6,vienna,8,bulgarian,1,166276,3
511,167,12,vienna,8,bulgarian,1,166276,3
755,77,0,vienna,8,bulgarian,1,166276,3
457,142,0,vienna,8,bulgarian,1,166276,3
875,103,0,vienna,8,bulgarian,1,166276,3
87,216,9,vienna,8,bulgarian,1,166276,3
962,138,0,vienna,8,bulgarian,1,166276,3
266,76,0,vienna,8,bulgarian,1,166276,3
426,163,3,vienna,8,bulgarian,1,166276,3
730,180,13,vienna,8,bulgarian,1,166276,3
801,222,6,vienna,8,bulgarian,1,166276,3
250,404,8,vienna,8,bulgarian,1,166276,3
403,325,7,vienna,8,bulgarian,1,166276,3
810,130,4,vienna,8,bulgarian,1,166276,3
979,169,8,vienna,8,bulgarian,1,166276,3
128,275,6,vienna,8,bulgarian,1,166276,3
116,121,2,vienna,8,bulgarian,1,166276,3
692,357,8,vienna,8,bulgarian,1,166276,3
220,85,6,vienna,8,bulgarian,1,166276,3
263,136,4,vienna,8,bulgarian,1,166276,3
184,304,8,vienna,8,bulgarian,1,166276,3
462,78,0,vienna,8,bulgarian,1,166276,3
662,275,6,vienna,8,bulgarian,1,166276,3
703,159,8,vienna,8,bulgarian,1,166276,3
70,172,14,vienna,8,bulgarian,1,166276,3
943,222,10,vienna,8,bulgarian,1,166276,3
372,118,6,vienna,8,bulgarian,1,166276,3
236,77,4,vienna,8,bulgarian,1,166276,3
35,80,0,vienna,8,bulgarian,1,166276,3
530,97,5,vienna,8,bulgarian,1,166276,3
652,131,6,vienna,8,bulgarian,1,166276,3
98,145,3,vienna,8,bulgarian,1,166276,3
848,251,8,vienna,8,bulgarian,1,166276,3
219,207,6,vienna,8,bulgarian,1,166276,3
753,147,10,vienna,8,bulgarian,1,166276,3
37,208,9,vienna,8,bulgarian,1,166276,3
675,98,11,vienna,8,bulgarian,1,166276,3
775,76,0,vienna,8,bulgarian,1,166276,3
179,108,0,vienna,8,bulgarian,1,166276,3
275,121,0,vienna,8,bulgarian,1,166276,3
535,141,0,vienna,8,bulgarian,1,166276,3
68,166,8,vienna,8,bulgarian,1,166276,3
343,78,4,vienna,8,bulgarian,1,166276,3
255,186,11,vienna,8,bulgarian,1,166276,3
15,306,13,vienna,8,bulgarian,1,166276,3
924,166,8,vienna,8,bulgarian,1,166276,3
626,137,4,vienna,8,bulgarian,1,166276,3
33,165,2,vienna,8,bulgarian,1,166276,3
919,73,0,vienna,8,bulgarian,1,166276,3
549,103,0,vienna,8,bulgarian,1,166276,3
456,171,6,vienna,8,bulgarian,1,166276,3
672,277,5,vienna,8,bulgarian,1,166276,3
428,123,7,vienna,8,bulgarian,1,166276,3
928,80,0,vienna,8,bulgarian,1,166276,3
168,372,8,vienna,8,bulgarian,1,166276,3
833,141,0,vienna,8,bulgarian,1,166276,3
278,106,21,vienna,29,bulgarian,1,166297,4
184,243,93,vienna,29,bulgarian,1,166297,4
220,70,43,vienna,29,bulgarian,1,166297,4
179,106,48,vienna,29,bulgarian,1,166297,4
662,165,71,vienna,29,bulgarian,1,166297,4
652,102,42,vienna,29,bulgarian,1,166297,4
675,98,24,vienna,29,bulgarian,1,166297,4
693,225,110,vienna,29,bulgarian,1,166297,4
931,176,71,vienna,29,bulgarian,1,166297,4
635,102,42,vienna,29,bulgarian,1,166297,4
875,103,20,vienna,29,bulgarian,1,166297,4
494,172,66,vienna,29,bulgarian,1,166297,4
8,110,38,vienna,29,bulgarian,1,166297,4
928,75,25,vienna,29,bulgarian,1,166297,4
266,74,22,vienna,29,bulgarian,1,166297,4
87,154,83,vienna,29,bulgarian,1,166297,4
64,79,33,vienna,29,bulgarian,1,166297,4
924,136,50,vienna,29,bulgarian,1,166297,4
15,235,116,vienna,29,bulgarian,1,166297,4
456,134,46,vienna,29,bulgarian,1,166297,4
219,165,69,vienna,29,bulgarian,1,166297,4
839,166,80,vienna,29,bulgarian,1,166297,4
549,103,22,vienna,29,bulgarian,1,166297,4
210,96,43,vienna,29,bulgarian,1,166297,4
610,72,25,vienna,29,bulgarian,1,166297,4
171,69,40,vienna,29,bulgarian,1,166297,4
713,179,60,vienna,29,bulgarian,1,166297,4
977,110,44,vienna,29,bulgarian,1,166297,4
428,97,64,vienna,29,bulgarian,1,166297,4
753,137,72,vienna,29,bulgarian,1,166297,4
784,105,38,vienna,29,bulgarian,1,166297,4
646,103,45,vienna,29,bulgarian,1,166297,4
368,73,18,vienna,29,bulgarian,1,166297,4
250,232,100,vienna,29,bulgarian,1,166297,4
236,77,18,vienna,29,bulgarian,1,166297,4
666,76,43,vienna,29,bulgarian,1,166297,4
268,100,48,vienna,29,bulgarian,1,166297,4
382,141,52,vienna,29,bulgarian,1,166297,4
70,172,72,vienna,29,bulgarian,1,166297,4
699,115,37,vienna,29,bulgarian,1,166297,4
446,104,11,vienna,29,bulgarian,1,166297,4
116,100,20,vienna,29,bulgarian,1,166297,4
565,267,91,vienna,29,bulgarian,1,166297,4
315,246,95,vienna,29,bulgarian,1,166297,4
68,130,53,vienna,29,bulgarian,1,166297,4
35,75,25,vienna,29,bulgarian,1,166297,4
890,76,21,vienna,29,bulgarian,1,166297,4
336,106,43,vienna,29,bulgarian,1,166297,4
979,133,48,vienna,29,bulgarian,1,166297,4
26,160,74,vienna,29,bulgarian,1,166297,4
462,78,20,vienna,29,bulgarian,1,166297,4
231,144,21,vienna,29,bulgarian,1,166297,4
37,172,73,vienna,29,bulgarian,1,166297,4
57,145,57,vienna,29,bulgarian,1,166297,4
927,160,71,vienna,29,bulgarian,1,166297,4
128,179,66,vienna,29,bulgarian,1,166297,4
245,127,28,vienna,29,bulgarian,1,166297,4
919,71,21,vienna,29,bulgarian,1,166297,4
11,155,82,vienna,29,bulgarian,1,166297,4
682,138,18,vienna,29,bulgarian,1,166297,4
692,225,117,vienna,29,bulgarian,1,166297,4
755,74,21,vienna,29,bulgarian,1,166297,4
263,100,48,vienna,29,bulgarian,1,166297,4
810,100,45,vienna,29,bulgarian,1,166297,4
292,166,67,vienna,29,bulgarian,1,166297,4
438,105,19,vienna,29,bulgarian,1,166297,4
167,77,19,vienna,29,bulgarian,1,166297,4
511,147,94,vienna,29,bulgarian,1,166297,4
535,135,52,vienna,29,bulgarian,1,166297,4
613,172,58,vienna,29,bulgarian,1,166297,4
195,136,21,vienna,29,bulgarian,1,166297,4
524,173,71,vienna,29,bulgarian,1,166297,4
372,97,38,vienna,29,bulgarian,1,166297,4
168,241,100,vienna,29,bulgarian,1,166297,4
530,97,22,vienna,29,bulgarian,1,166297,4
354,88,26,vienna,29,bulgarian,1,166297,4
833,141,35,vienna,29,bulgarian,1,166297,4
877,79,20,vienna,29,bulgarian,1,166297,4
343,73,28,vienna,29,bulgarian,1,166297,4
730,159,90,vienna,29,bulgarian,1,166297,4
255,165,64,vienna,29,bulgarian,1,166297,4
152,153,89,vienna,29,bulgarian,1,166297,4
239,253,92,vienna,29,bulgarian,1,166297,4
801,165,75,vienna,29,bulgarian,1,166297,4
996,99,40,vienna,29,bulgarian,1,166297,4
98,136,61,vienna,29,bulgarian,1,166297,4
846,169,67,vienna,29,bulgarian,1,166297,4
426,94,41,vienna,29,bulgarian,1,166297,4
940,150,40,vienna,29,bulgarian,1,166297,4
848,158,94,vienna,29,bulgarian,1,166297,4
33,135,50,vienna,29,bulgarian,1,166297,4
704,105,18,vienna,29,bulgarian,1,166297,4
962,130,48,vienna,29,bulgarian,1,166297,4
703,147,46,vienna,29,bulgarian,1,166297,4
672,173,66,vienna,29,bulgarian,1,166297,4
626,108,38,vienna,29,bulgarian,1,166297,4
661,99,36,vienna,29,bulgarian,1,166297,4
173,107,37,vienna,29,bulgarian,1,166297,4
943,173,81,vienna,29,bulgarian,1,166297,4
920,101,40,vienna,29,bulgarian,1,166297,4
275,113,36,vienna,29,bulgarian,1,166297,4
403,255,91,vienna,29,bulgarian,1,166297,4
226,104,37,vienna,29,bulgarian,1,166297,4
775,76,19,vienna,29,bulgarian,1,166297,4
63,139,66,vienna,29,bulgarian,1,166297,4
457,142,20,vienna,29,bulgarian,1,166297,4
565,267,85,vienna,28,bulgarian,1,166340,2
753,137,69,vienna,28,bulgarian,1,166340,2
672,173,61,vienna,28,bulgarian,1,166340,2
37,172,69,vienna,28,bulgarian,1,166340,2
33,135,46,vienna,28,bulgarian,1,166340,2
210,96,41,vienna,28,bulgarian,1,166340,2
226,104,33,vienna,28,bulgarian,1,166340,2
943,173,76,vienna,28,bulgarian,1,166340,2
239,253,82,vienna,28,bulgarian,1,166340,2
457,142,19,vienna,28,bulgarian,1,166340,2
833,141,27,vienna,28,bulgarian,1,166340,2
382,141,49,vienna,28,bulgarian,1,166340,2
928,75,23,vienna,28,bulgarian,1,166340,2
511,147,91,vienna,28,bulgarian,1,166340,2
63,139,64,vienna,28,bulgarian,1,166340,2
368,73,15,vienna,28,bulgarian,1,166340,2
255,165,59,vienna,28,bulgarian,1,166340,2
549,103,20,vienna,28,bulgarian,1,166340,2
755,77,20,vienna,28,bulgarian,1,166340,2
699,115,34,vienna,28,bulgarian,1,166340,2
292,166,61,vienna,28,bulgarian,1,166340,2
263,100,45,vienna,28,bulgarian,1,166340,2
703,147,43,vienna,28,bulgarian,1,166340,2
250,232,93,vienna,28,bulgarian,1,166340,2
456,141,42,vienna,28,bulgarian,1,166340,2
666,76,40,vienna,28,bulgarian,1,166340,2
920,101,35,vienna,28,bulgarian,1,166340,2
810,100,42,vienna,28,bulgarian,1,166340,2
610,72,24,vienna,28,bulgarian,1,166340,2
962,130,45,vienna,28,bulgarian,1,166340,2
98,136,56,vienna,28,bulgarian,1,166340,2
626,108,36,vienna,28,bulgarian,1,166340,2
343,73,27,vienna,28,bulgarian,1,166340,2
275,113,32,vienna,28,bulgarian,1,166340,2
635,102,38,vienna,28,bulgarian,1,166340,2
438,105,17,vienna,28,bulgarian,1,166340,2
839,166,76,vienna,28,bulgarian,1,166340,2
195,136,19,vienna,28,bulgarian,1,166340,2
494,179,61,vienna,28,bulgarian,1,166340,2
524,173,65,vienna,28,bulgarian,1,166340,2
428,97,62,vienna,28,bulgarian,1,166340,2
784,105,36,vienna,28,bulgarian,1,166340,2
426,94,38,vienna,28,bulgarian,1,166340,2
693,225,98,vienna,28,bulgarian,1,166340,2
692,225,108,vienna,28,bulgarian,1,166340,2
682,138,16,vienna,28,bulgarian,1,166340,2
846,176,62,vienna,28,bulgarian,1,166340,2
652,102,39,vienna,28,bulgarian,1,166340,2
931,176,66,vienna,28,bulgarian,1,166340,2
890,76,19,vienna,28,bulgarian,1,166340,2
70,172,68,vienna,28,bulgarian,1,166340,2
662,165,66,vienna,28,bulgarian,1,166340,2
168,241,92,vienna,28,bulgarian,1,166340,2
704,105,16,vienna,28,bulgarian,1,166340,2
924,136,46,vienna,28,bulgarian,1,166340,2
877,79,18,vienna,28,bulgarian,1,166340,2
446,104,8,vienna,28,bulgarian,1,166340,2
8,110,36,vienna,28,bulgarian,1,166340,2
661,99,33,vienna,28,bulgarian,1,166340,2
245,127,26,vienna,28,bulgarian,1,166340,2
266,74,20,vienna,28,bulgarian,1,166340,2
977,110,42,vienna,28,bulgarian,1,166340,2
940,156,36,vienna,28,bulgarian,1,166340,2
87,154,77,vienna,28,bulgarian,1,166340,2
979,139,44,vienna,28,bulgarian,1,166340,2
11,155,76,vienna,28,bulgarian,1,166340,2
875,103,18,vienna,28,bulgarian,1,166340,2
184,253,87,vienna,28,bulgarian,1,166340,2
268,100,45,vienna,28,bulgarian,1,166340,2
730,159,84,vienna,28,bulgarian,1,166340,2
236,77,17,vienna,28,bulgarian,1,166340,2
613,179,54,vienna,28,bulgarian,1,166340,2
68,130,47,vienna,28,bulgarian,1,166340,2
535,141,48,vienna,28,bulgarian,1,166340,2
530,97,21,vienna,28,bulgarian,1,166340,2
646,103,43,vienna,28,bulgarian,1,166340,2
15,235,107,vienna,28,bulgarian,1,166340,2
173,107,34,vienna,28,bulgarian,1,166340,2
927,166,65,vienna,28,bulgarian,1,166340,2
996,103,38,vienna,28,bulgarian,1,166340,2
116,100,19,vienna,28,bulgarian,1,166340,2
179,106,44,vienna,28,bulgarian,1,166340,2
372,97,36,vienna,28,bulgarian,1,166340,2
403,255,86,vienna,28,bulgarian,1,166340,2
171,69,37,vienna,28,bulgarian,1,166340,2
354,88,24,vienna,28,bulgarian,1,166340,2
26,160,68,vienna,28,bulgarian,1,166340,2
220,70,38,vienna,28,bulgarian,1,166340,2
848,158,89,vienna,28,bulgarian,1,166340,2
462,78,18,vienna,28,bulgarian,1,166340,2
35,75,23,vienna,28,bulgarian,1,166340,2
336,106,39,vienna,28,bulgarian,1,166340,2
315,246,89,vienna,28,bulgarian,1,166340,2
219,165,64,vienna,28,bulgarian,1,166340,2
675,98,23,vienna,28,bulgarian,1,166340,2
64,79,28,vienna,28,bulgarian,1,166340,2
919,71,19,vienna,28,bulgarian,1,166340,2
128,179,60,vienna,28,bulgarian,1,166340,2
57,145,52,vienna,28,bulgarian,1,166340,2
152,153,83,vienna,28,bulgarian,1,166340,2
775,76,18,vienna,28,bulgarian,1,166340,2
801,165,69,vienna,28,bulgarian,1,166340,2
713,179,55,vienna,28,bulgarian,1,166340,2
167,77,18,vienna,28,bulgarian,1,166340,2
231,144,20,vienna,28,bulgarian,1,166340,2
278,106,19,vienna,28,bulgarian,1,166340,2
810,175,1,vienna,3,bulgarian,0,166360,5
195,139,0,vienna,3,bulgarian,0,166360,5
662,276,2,vienna,3,bulgarian,0,166360,5
755,77,0,vienna,3,bulgarian,0,166360,5
382,172,2,vienna,3,bulgarian,0,166360,5
250,405,3,vienna,3,bulgarian,0,166360,5
167,77,0,vienna,3,bulgarian,0,166360,5
70,173,7,vienna,3,bulgarian,0,166360,5
692,358,3,vienna,3,bulgarian,0,166360,5
924,167,1,vienna,3,bulgarian,0,166360,5
11,198,4,vienna,3,bulgarian,0,166360,5
210,122,4,vienna,3,bulgarian,0,166360,5
877,79,0,vienna,3,bulgarian,0,166360,5
730,203,2,vienna,3,bulgarian,0,166360,5
977,110,6,vienna,3,bulgarian,0,166360,5
268,122,0,vienna,3,bulgarian,0,166360,5
784,105,0,vienna,3,bulgarian,0,166360,5
64,79,0,vienna,3,bulgarian,0,166360,5
703,159,3,vienna,3,bulgarian,0,166360,5
426,163,1,vienna,3,bulgarian,0,166360,5
666,79,0,vienna,3,bulgarian,0,166360,5
462,78,0,vienna,3,bulgarian,0,166360,5
336,124,0,vienna,3,bulgarian,0,166360,5
152,215,4,vienna,3,bulgarian,0,166360,5
171,84,1,vienna,3,bulgarian,0,166360,5
292,203,2,vienna,3,bulgarian,0,166360,5
428,124,0,vienna,3,bulgarian,0,166360,5
675,98,8,vienna,3,bulgarian,0,166360,5
775,77,0,vienna,3,bulgarian,0,166360,5
446,104,0,vienna,3,bulgarian,0,166360,5
846,283,2,vienna,3,bulgarian,0,166360,5
646,103,0,vienna,3,bulgarian,0,166360,5
839,167,7,vienna,3,bulgarian,0,166360,5
275,122,0,vienna,3,bulgarian,0,166360,5
116,121,0,vienna,3,bulgarian,0,166360,5
219,255,2,vienna,3,bulgarian,0,166360,5
173,107,0,vienna,3,bulgarian,0,166360,5
682,138,0,vienna,3,bulgarian,0,166360,5
940,168,0,vienna,3,bulgarian,0,166360,5
63,142,0,vienna,3,bulgarian,0,166360,5
833,141,0,vienna,3,bulgarian,0,166360,5
919,74,0,vienna,3,bulgarian,0,166360,5
530,97,3,vienna,3,bulgarian,0,166360,5
35,80,0,vienna,3,bulgarian,0,166360,5
661,121,1,vienna,3,bulgarian,0,166360,5
403,407,2,vienna,3,bulgarian,0,166360,5
236,77,2,vienna,3,bulgarian,0,166360,5
713,276,1,vienna,3,bulgarian,0,166360,5
315,286,6,vienna,3,bulgarian,0,166360,5
801,273,2,vienna,3,bulgarian,0,166360,5
239,405,3,vienna,3,bulgarian,0,166360,5
179,108,0,vienna,3,bulgarian,0,166360,5
511,217,4,vienna,3,bulgarian,0,166360,5
848,287,2,vienna,3,bulgarian,0,166360,5
266,77,0,vienna,3,bulgarian,0,166360,5
278,108,0,vienna,3,bulgarian,0,166360,5
549,103,0,vienna,3,bulgarian,0,166360,5
457,142,0,vienna,3,bulgarian,0,166360,5
613,262,2,vienna,3,bulgarian,0,166360,5
672,278,1,vienna,3,bulgarian,0,166360,5
996,121,2,vienna,3,bulgarian,0,166360,5
875,103,0,vienna,3,bulgarian,0,166360,5
943,223,4,vienna,3,bulgarian,0,166360,5
184,375,3,vienna,3,bulgarian,0,166360,5
226,104,0,vienna,3,bulgarian,0,166360,5
494,201,1,vienna,3,bulgarian,0,166360,5
354,88,5,vienna,3,bulgarian,0,166360,5
927,257,2,vienna,3,bulgarian,0,166360,5
98,145,0,vienna,3,bulgarian,0,166360,5
920,101,0,vienna,3,bulgarian,0,166360,5
245,133,3,vienna,3,bulgarian,0,166360,5
565,288,9,vienna,3,bulgarian,0,166360,5
928,80,0,vienna,3,bulgarian,0,166360,5
979,170,3,vienna,3,bulgarian,0,166360,5
635,161,1,vienna,3,bulgarian,0,166360,5
231,144,0,vienna,3,bulgarian,0,166360,5
372,119,2,vienna,3,bulgarian,0,166360,5
33,165,0,vienna,3,bulgarian,0,166360,5
57,145,0,vienna,3,bulgarian,0,166360,5
37,208,2,vienna,3,bulgarian,0,166360,5
890,77,0,vienna,3,bulgarian,0,166360,5
87,217,2,vienna,3,bulgarian,0,166360,5
128,276,2,vienna,3,bulgarian,0,166360,5
168,373,3,vienna,3,bulgarian,0,166360,5
610,73,7,vienna,3,bulgarian,0,166360,5
438,105,0,vienna,3,bulgarian,0,166360,5
524,289,2,vienna,3,bulgarian,0,166360,5
753,147,0,vienna,3,bulgarian,0,166360,5
626,172,1,vienna,3,bulgarian,0,166360,5
220,86,2,vienna,3,bulgarian,0,166360,5
535,141,0,vienna,3,bulgarian,0,166360,5
368,73,0,vienna,3,bulgarian,0,166360,5
15,307,3,vienna,3,bulgarian,0,166360,5
704,105,0,vienna,3,bulgarian,0,166360,5
8,132,4,vienna,3,bulgarian,0,166360,5
68,167,6,vienna,3,bulgarian,0,166360,5
652,131,2,vienna,3,bulgarian,0,166360,5
693,245,22,vienna,3,bulgarian,0,166360,5
255,186,4,vienna,3,bulgarian,0,166360,5
343,78,1,vienna,3,bulgarian,0,166360,5
962,138,0,vienna,3,bulgarian,0,166360,5
931,283,2,vienna,3,bulgarian,0,166360,5
635,106,23,vienna,22,bulgarian,1,202067,1
875,103,10,vienna,22,bulgarian,1,202067,1
730,159,59,vienna,22,bulgarian,1,202067,1
57,145,28,vienna,22,bulgarian,1,202067,1
219,172,36,vienna,22,bulgarian,1,202067,1
11,155,52,vienna,22,bulgarian,1,202067,1
382,141,34,vienna,22,bulgarian,1,202067,1
403,255,54,vienna,22,bulgarian,1,202067,1
753,137,50,vienna,22,bulgarian,1,202067,1
610,72,19,vienna,22,bulgarian,1,202067,1
70,172,45,vienna,22,bulgarian,1,202067,1
292,195,31,vienna,22,bulgarian,1,202067,1
535,141,29,vienna,22,bulgarian,1,202067,1
652,106,26,vienna,22,bulgarian,1,202067,1
699,119,22,vienna,22,bulgarian,1,202067,1
661,103,19,vienna,22,bulgarian,1,202067,1
494,186,32,vienna,22,bulgarian,1,202067,1
226,104,12,vienna,22,bulgarian,1,202067,1
693,245,57,vienna,22,bulgarian,1,202067,1
98,136,36,vienna,22,bulgarian,1,202067,1
877,79,7,vienna,22,bulgarian,1,202067,1
68,149,23,vienna,22,bulgarian,1,202067,1
549,103,11,vienna,22,bulgarian,1,202067,1
977,110,35,vienna,22,bulgarian,1,202067,1
343,78,18,vienna,22,bulgarian,1,202067,1
315,246,63,vienna,22,bulgarian,1,202067,1
511,147,71,vienna,22,bulgarian,1,202067,1
354,88,16,vienna,22,bulgarian,1,202067,1
784,105,20,vienna,22,bulgarian,1,202067,1
250,243,55,vienna,22,bulgarian,1,202067,1
675,98,19,vienna,22,bulgarian,1,202067,1
239,283,42,vienna,22,bulgarian,1,202067,1
692,225,61,vienna,22,bulgarian,1,202067,1
662,172,37,vienna,22,bulgarian,1,202067,1
35,78,14,vienna,22,bulgarian,1,202067,1
184,253,53,vienna,22,bulgarian,1,202067,1
920,101,4,vienna,22,bulgarian,1,202067,1
524,188,34,vienna,22,bulgarian,1,202067,1
179,108,27,vienna,22,bulgarian,1,202067,1
116,104,11,vienna,22,bulgarian,1,202067,1
336,110,22,vienna,22,bulgarian,1,202067,1
372,97,20,vienna,22,bulgarian,1,202067,1
8,110,22,vienna,22,bulgarian,1,202067,1
428,97,50,vienna,22,bulgarian,1,202067,1
810,100,27,vienna,22,bulgarian,1,202067,1
931,183,38,vienna,22,bulgarian,1,202067,1
613,179,29,vienna,22,bulgarian,1,202067,1
848,158,58,vienna,22,bulgarian,1,202067,1
33,141,27,vienna,22,bulgarian,1,202067,1
943,173,44,vienna,22,bulgarian,1,202067,1
438,105,8,vienna,22,bulgarian,1,202067,1
64,79,1,vienna,22,bulgarian,1,202067,1
456,153,22,vienna,22,bulgarian,1,202067,1
457,142,10,vienna,22,bulgarian,1,202067,1
646,103,32,vienna,22,bulgarian,1,202067,1
195,139,8,vienna,22,bulgarian,1,202067,1
168,251,52,vienna,22,bulgarian,1,202067,1
927,173,35,vienna,22,bulgarian,1,202067,1
15,235,70,vienna,22,bulgarian,1,202067,1
263,100,24,vienna,22,bulgarian,1,202067,1
87,167,43,vienna,22,bulgarian,1,202067,1
173,107,13,vienna,22,bulgarian,1,202067,1
682,138,2,vienna,22,bulgarian,1,202067,1
962,135,27,vienna,22,bulgarian,1,202067,1
446,104,0,vienna,22,bulgarian,1,202067,1
924,142,26,vienna,22,bulgarian,1,202067,1
940,167,22,vienna,22,bulgarian,1,202067,1
63,139,50,vienna,22,bulgarian,1,202067,1
713,186,29,vienna,22,bulgarian,1,202067,1
846,183,36,vienna,22,bulgarian,1,202067,1
755,77,11,vienna,22,bulgarian,1,202067,1
275,121,15,vienna,22,bulgarian,1,202067,1
128,207,31,vienna,22,bulgarian,1,202067,1
462,78,6,vienna,22,bulgarian,1,202067,1
245,132,17,vienna,22,bulgarian,1,202067,1
839,166,57,vienna,22,bulgarian,1,202067,1
775,76,6,vienna,22,bulgarian,1,202067,1
530,97,13,vienna,22,bulgarian,1,202067,1
278,108,10,vienna,22,bulgarian,1,202067,1
928,78,14,vienna,22,bulgarian,1,202067,1
996,103,21,vienna,22,bulgarian,1,202067,1
210,96,30,vienna,22,bulgarian,1,202067,1
255,172,34,vienna,22,bulgarian,1,202067,1
704,105,0,vienna,22,bulgarian,1,202067,1
236,77,11,vienna,22,bulgarian,1,202067,1
167,77,10,vienna,22,bulgarian,1,202067,1
426,99,20,vienna,22,bulgarian,1,202067,1
368,73,0,vienna,22,bulgarian,1,202067,1
703,147,26,vienna,22,bulgarian,1,202067,1
672,180,29,vienna,22,bulgarian,1,202067,1
833,141,0,vienna,22,bulgarian,1,202067,1
26,160,40,vienna,22,bulgarian,1,202067,1
266,76,11,vienna,22,bulgarian,1,202067,1
268,100,27,vienna,22,bulgarian,1,202067,1
565,267,52,vienna,22,bulgarian,1,202067,1
171,69,23,vienna,22,bulgarian,1,202067,1
666,79,23,vienna,22,bulgarian,1,202067,1
979,145,23,vienna,22,bulgarian,1,202067,1
231,144,12,vienna,22,bulgarian,1,202067,1
890,76,7,vienna,22,bulgarian,1,202067,1
626,108,23,vienna,22,bulgarian,1,202067,1
220,73,19,vienna,22,bulgarian,1,202067,1
801,179,38,vienna,22,bulgarian,1,202067,1
152,153,52,vienna,22,bulgarian,1,202067,1
37,172,42,vienna,22,bulgarian,1,202067,1
919,73,10,vienna,22,bulgarian,1,202067,1
839,166,37,vienna,14,bulgarian,0,202059,2
278,108,0,vienna,14,bulgarian,0,202059,2
35,80,4,vienna,14,bulgarian,0,202059,2
195,139,0,vienna,14,bulgarian,0,202059,2
168,302,19,vienna,14,bulgarian,0,202059,2
666,79,8,vienna,14,bulgarian,0,202059,2
26,180,15,vienna,14,bulgarian,0,202059,2
152,194,20,vienna,14,bulgarian,0,202059,2
875,103,2,vienna,14,bulgarian,0,202059,2
231,144,0,vienna,14,bulgarian,0,202059,2
57,145,0,vienna,14,bulgarian,0,202059,2
268,121,10,vienna,14,bulgarian,0,202059,2
646,103,17,vienna,14,bulgarian,0,202059,2
336,123,5,vienna,14,bulgarian,0,202059,2
116,121,6,vienna,14,bulgarian,0,202059,2
755,77,0,vienna,14,bulgarian,0,202059,2
382,141,16,vienna,14,bulgarian,0,202059,2
239,323,20,vienna,14,bulgarian,0,202059,2
652,118,11,vienna,14,bulgarian,0,202059,2
511,147,34,vienna,14,bulgarian,0,202059,2
220,85,11,vienna,14,bulgarian,0,202059,2
692,286,18,vienna,14,bulgarian,0,202059,2
848,186,19,vienna,14,bulgarian,0,202059,2
610,72,13,vienna,14,bulgarian,0,202059,2
977,110,24,vienna,14,bulgarian,0,202059,2
15,276,25,vienna,14,bulgarian,0,202059,2
167,77,0,vienna,14,bulgarian,0,202059,2
549,103,1,vienna,14,bulgarian,0,202059,2
675,98,15,vienna,14,bulgarian,0,202059,2
784,105,0,vienna,14,bulgarian,0,202059,2
535,141,0,vienna,14,bulgarian,0,202059,2
63,139,31,vienna,14,bulgarian,0,202059,2
672,229,11,vienna,14,bulgarian,0,202059,2
438,105,0,vienna,14,bulgarian,0,202059,2
456,171,12,vienna,14,bulgarian,0,202059,2
372,118,11,vienna,14,bulgarian,0,202059,2
810,105,10,vienna,14,bulgarian,0,202059,2
940,167,8,vienna,14,bulgarian,0,202059,2
11,169,21,vienna,14,bulgarian,0,202059,2
890,76,0,vienna,14,bulgarian,0,202059,2
70,172,23,vienna,14,bulgarian,0,202059,2
250,334,17,vienna,14,bulgarian,0,202059,2
877,79,0,vienna,14,bulgarian,0,202059,2
354,88,10,vienna,14,bulgarian,0,202059,2
928,80,1,vienna,14,bulgarian,0,202059,2
682,138,0,vienna,14,bulgarian,0,202059,2
846,247,10,vienna,14,bulgarian,0,202059,2
661,120,10,vienna,14,bulgarian,0,202059,2
171,84,10,vienna,14,bulgarian,0,202059,2
245,132,9,vienna,14,bulgarian,0,202059,2
87,216,18,vienna,14,bulgarian,0,202059,2
462,78,0,vienna,14,bulgarian,0,202059,2
699,123,9,vienna,14,bulgarian,0,202059,2
801,222,14,vienna,14,bulgarian,0,202059,2
33,165,11,vienna,14,bulgarian,0,202059,2
704,105,0,vienna,14,bulgarian,0,202059,2
275,121,0,vienna,14,bulgarian,0,202059,2
775,76,0,vienna,14,bulgarian,0,202059,2
68,166,14,vienna,14,bulgarian,0,202059,2
255,186,20,vienna,14,bulgarian,0,202059,2
613,213,13,vienna,14,bulgarian,0,202059,2
368,73,0,vienna,14,bulgarian,0,202059,2
626,137,8,vienna,14,bulgarian,0,202059,2
833,141,0,vienna,14,bulgarian,0,202059,2
662,220,12,vienna,14,bulgarian,0,202059,2
920,101,0,vienna,14,bulgarian,0,202059,2
494,201,16,vienna,14,bulgarian,0,202059,2
924,166,14,vienna,14,bulgarian,0,202059,2
962,138,0,vienna,14,bulgarian,0,202059,2
979,169,14,vienna,14,bulgarian,0,202059,2
173,107,0,vienna,14,bulgarian,0,202059,2
426,133,7,vienna,14,bulgarian,0,202059,2
236,77,6,vienna,14,bulgarian,0,202059,2
931,225,14,vienna,14,bulgarian,0,202059,2
37,179,20,vienna,14,bulgarian,0,202059,2
184,304,20,vienna,14,bulgarian,0,202059,2
343,78,10,vienna,14,bulgarian,0,202059,2
635,131,9,vienna,14,bulgarian,0,202059,2
713,213,12,vienna,14,bulgarian,0,202059,2
179,108,2,vienna,14,bulgarian,0,202059,2
943,201,19,vienna,14,bulgarian,0,202059,2
693,245,37,vienna,14,bulgarian,0,202059,2
446,104,0,vienna,14,bulgarian,0,202059,2
98,145,14,vienna,14,bulgarian,0,202059,2
524,231,13,vienna,14,bulgarian,0,202059,2
730,159,34,vienna,14,bulgarian,0,202059,2
753,141,25,vienna,14,bulgarian,0,202059,2
703,159,14,vienna,14,bulgarian,0,202059,2
226,104,0,vienna,14,bulgarian,0,202059,2
64,79,0,vienna,14,bulgarian,0,202059,2
457,142,0,vienna,14,bulgarian,0,202059,2
927,208,14,vienna,14,bulgarian,0,202059,2
428,97,25,vienna,14,bulgarian,0,202059,2
403,325,20,vienna,14,bulgarian,0,202059,2
565,288,31,vienna,14,bulgarian,0,202059,2
292,203,18,vienna,14,bulgarian,0,202059,2
263,136,9,vienna,14,bulgarian,0,202059,2
219,207,15,vienna,14,bulgarian,0,202059,2
8,132,10,vienna,14,bulgarian,0,202059,2
530,97,7,vienna,14,bulgarian,0,202059,2
210,96,16,vienna,14,bulgarian,0,202059,2
996,120,11,vienna,14,bulgarian,0,202059,2
266,76,2,vienna,14,bulgarian,0,202059,2
315,246,32,vienna,14,bulgarian,0,202059,2
919,73,2,vienna,14,bulgarian,0,202059,2
128,241,11,vienna,14,bulgarian,0,202059,2
494,172,66,vienna,29,bulgarian,0,202119,1
646,103,45,vienna,29,bulgarian,0,202119,1
979,133,48,vienna,29,bulgarian,0,202119,1
940,150,40,vienna,29,bulgarian,0,202119,1
263,100,48,vienna,29,bulgarian,0,202119,1
530,97,22,vienna,29,bulgarian,0,202119,1
336,106,43,vienna,29,bulgarian,0,202119,1
462,78,20,vienna,29,bulgarian,0,202119,1
179,106,48,vienna,29,bulgarian,0,202119,1
565,267,91,vienna,29,bulgarian,0,202119,1
57,145,57,vienna,29,bulgarian,0,202119,1
924,136,50,vienna,29,bulgarian,0,202119,1
438,105,19,vienna,29,bulgarian,0,202119,1
613,172,58,vienna,29,bulgarian,0,202119,1
167,77,19,vienna,29,bulgarian,0,202119,1
801,165,75,vienna,29,bulgarian,0,202119,1
846,169,67,vienna,29,bulgarian,0,202119,1
382,141,52,vienna,29,bulgarian,0,202119,1
833,141,35,vienna,29,bulgarian,0,202119,1
98,136,61,vienna,29,bulgarian,0,202119,1
171,69,40,vienna,29,bulgarian,0,202119,1
403,255,91,vienna,29,bulgarian,0,202119,1
610,72,25,vienna,29,bulgarian,0,202119,1
977,110,44,vienna,29,bulgarian,0,202119,1
713,179,60,vienna,29,bulgarian,0,202119,1
278,106,21,vienna,29,bulgarian,0,202119,1
652,102,42,vienna,29,bulgarian,0,202119,1
239,253,92,vienna,29,bulgarian,0,202119,1
457,142,20,vienna,29,bulgarian,0,202119,1
928,75,25,vienna,29,bulgarian,0,202119,1
682,138,18,vienna,29,bulgarian,0,202119,1
245,127,28,vienna,29,bulgarian,0,202119,1
236,77,18,vienna,29,bulgarian,0,202119,1
931,176,71,vienna,29,bulgarian,0,202119,1
962,130,48,vienna,29,bulgarian,0,202119,1
343,73,28,vienna,29,bulgarian,0,202119,1
524,173,71,vienna,29,bulgarian,0,202119,1
943,173,81,vienna,29,bulgarian,0,202119,1
890,76,21,vienna,29,bulgarian,0,202119,1
535,135,52,vienna,29,bulgarian,0,202119,1
255,165,64,vienna,29,bulgarian,0,202119,1
753,137,72,vienna,29,bulgarian,0,202119,1
70,172,72,vienna,29,bulgarian,0,202119,1
446,104,11,vienna,29,bulgarian,0,202119,1
511,147,94,vienna,29,bulgarian,0,202119,1
219,165,69,vienna,29,bulgarian,0,202119,1
368,73,18,vienna,29,bulgarian,0,202119,1
35,75,25,vienna,29,bulgarian,0,202119,1
195,136,21,vienna,29,bulgarian,0,202119,1
63,139,66,vienna,29,bulgarian,0,202119,1
428,97,64,vienna,29,bulgarian,0,202119,1
755,74,21,vienna,29,bulgarian,0,202119,1
675,98,24,vienna,29,bulgarian,0,202119,1
927,160,71,vienna,29,bulgarian,0,202119,1
693,225,110,vienna,29,bulgarian,0,202119,1
173,107,37,vienna,29,bulgarian,0,202119,1
877,79,20,vienna,29,bulgarian,0,202119,1
275,113,36,vienna,29,bulgarian,0,202119,1
8,110,38,vienna,29,bulgarian,0,202119,1
704,105,18,vienna,29,bulgarian,0,202119,1
33,135,50,vienna,29,bulgarian,0,202119,1
426,94,41,vienna,29,bulgarian,0,202119,1
666,76,43,vienna,29,bulgarian,0,202119,1
730,159,90,vienna,29,bulgarian,0,202119,1
549,103,22,vienna,29,bulgarian,0,202119,1
210,96,43,vienna,29,bulgarian,0,202119,1
268,100,48,vienna,29,bulgarian,0,202119,1
919,71,21,vienna,29,bulgarian,0,202119,1
672,173,66,vienna,29,bulgarian,0,202119,1
15,235,116,vienna,29,bulgarian,0,202119,1
996,99,40,vienna,29,bulgarian,0,202119,1
839,166,80,vienna,29,bulgarian,0,202119,1
775,76,19,vienna,29,bulgarian,0,202119,1
372,97,38,vienna,29,bulgarian,0,202119,1
266,74,22,vienna,29,bulgarian,0,202119,1
692,225,117,vienna,29,bulgarian,0,202119,1
26,160,74,vienna,29,bulgarian,0,202119,1
456,134,46,vienna,29,bulgarian,0,202119,1
128,179,66,vienna,29,bulgarian,0,202119,1
354,88,26,vienna,29,bulgarian,0,202119,1
152,153,89,vienna,29,bulgarian,0,202119,1
662,165,71,vienna,29,bulgarian,0,202119,1
784,105,38,vienna,29,bulgarian,0,202119,1
87,154,83,vienna,29,bulgarian,0,202119,1
315,246,95,vienna,29,bulgarian,0,202119,1
703,147,46,vienna,29,bulgarian,0,202119,1
848,158,94,vienna,29,bulgarian,0,202119,1
920,101,40,vienna,29,bulgarian,0,202119,1
68,130,53,vienna,29,bulgarian,0,202119,1
116,100,20,vienna,29,bulgarian,0,202119,1
626,108,38,vienna,29,bulgarian,0,202119,1
64,79,33,vienna,29,bulgarian,0,202119,1
11,155,82,vienna,29,bulgarian,0,202119,1
661,99,36,vienna,29,bulgarian,0,202119,1
168,241,100,vienna,29,bulgarian,0,202119,1
635,102,42,vienna,29,bulgarian,0,202119,1
226,104,37,vienna,29,bulgarian,0,202119,1
875,103,20,vienna,29,bulgarian,0,202119,1
250,232,100,vienna,29,bulgarian,0,202119,1
220,70,43,vienna,29,bulgarian,0,202119,1
810,100,45,vienna,29,bulgarian,0,202119,1
37,172,73,vienna,29,bulgarian,0,202119,1
184,243,93,vienna,29,bulgarian,0,202119,1
292,166,67,vienna,29,bulgarian,0,202119,1
231,144,21,vienna,29,bulgarian,0,202119,1
699,115,37,vienna,29,bulgarian,0,202119,1
